{"initial_reset_timestamp": 1782392326.023086, "timestamps": [1782392361.3146405], "episode_lengths": [8891], "episode_rewards": [440.0], "episode_types": ["t"]}